"","level","difficulty"
"1",1,4
"2",2,3.57894736842105
"3",3,3.15789473684211
"4",4,2.73684210526316
"5",5,2.31578947368421
"6",6,1.89473684210526
"7",7,1.47368421052632
"8",8,1.05263157894737
"9",9,0.631578947368421
"10",10,0.210526315789474
"11",11,-0.210526315789473
"12",12,-0.631578947368421
"13",13,-1.05263157894737
"14",14,-1.47368421052632
"15",15,-1.89473684210526
"16",16,-2.31578947368421
"17",17,-2.73684210526316
"18",18,-3.1578947368421
"19",19,-3.57894736842105
"20",20,-4
